student_id,gender,student_age,region,country_of_study,course_category,student_cibil_score,co_app_cibil_score,FOIR,LTV,grad_score_cgpa,cibil_trend,co_app_income_annual,existing_emi_monthly,employer_category,co_app_emp_type,residence_type,co_app_relationship,co_app_age,approval_status,interest_rate,income_tier
STU_000000,Male,25,Urban,India,STEM,669,719,21.23,49.28,6.73,Stable,1688193,17392,Private,Salaried,Rented,Parent,59,1,10.82,Mid
STU_000001,Other,30,Semi-Urban,UK,Data Science,646,823,64.47,35.02,7.27,Stable,1836131,39945,Private,Self-Employed,Owned,None,51,1,12.71,Mid
STU_000002,Female,27,Semi-Urban,India,STEM,680,726,46.04,41.04,6.52,Stable,1282395,23000,MNC,Self-Employed,Owned,None,65,1,12.51,Low
STU_000003,Female,21,Rural,UK,Medical,725,727,65.21,38.25,9.48,Declining,1765375,39824,SME,Salaried,Owned,Parent,58,1,12.16,Mid
STU_000004,Male,20,Semi-Urban,UK,STEM,571,696,39.17,38.01,6.22,Stable,1794917,42970,Govt,Self-Employed,Rented,Parent,56,0,,Mid
STU_000005,Male,25,Semi-Urban,USA,Data Science,507,785,35.88,63.71,7.94,Declining,1600308,170617,Public Sector,Salaried,Parental,Spouse,60,1,12.48,Mid
STU_000006,Male,19,Rural,India,Medical,638,776,69.65,45.98,6.64,Declining,1643665,16325,Private,Professional,Owned,Parent,54,0,,Mid
STU_000007,Female,30,Semi-Urban,India,Management,588,656,27.82,53.28,7.31,Stable,1580947,9009,MNC,Salaried,Owned,Parent,33,1,12.2,Mid
STU_000008,Female,28,Rural,India,Data Science,641,607,65.19,94.32,9.53,Stable,749295,27827,Private,Self-Employed,Mortgaged,Spouse,48,0,,Low
STU_000009,Female,22,Rural,India,Data Science,668,685,42.49,74.48,6.78,Declining,1612443,10278,Private,Salaried,Owned,Parent,60,1,12.14,Mid
STU_000010,Male,18,Rural,India,Management,646,643,44.39,91.68,9.68,Declining,1019448,90026,MNC,Salaried,Mortgaged,Guardian,45,1,14.29,Low
STU_000011,Other,28,Semi-Urban,Germany,Management,788,695,31.43,39.27,6.94,Stable,1062688,16830,Private,Salaried,Mortgaged,Parent,50,1,11.5,Low
STU_000012,Female,23,Urban,India,Management,704,786,48.1,54.84,8.87,Stable,4362368,12870,Public Sector,Professional,Parental,Parent,44,1,10.92,High
STU_000013,Male,28,Semi-Urban,India,Medical,702,667,32.49,66.06,8.17,Stable,1597785,14076,Private,Salaried,Rented,Parent,65,1,11.54,Mid
STU_000014,Male,18,Semi-Urban,India,STEM,726,697,14.47,34.99,9.38,Improving,1820837,43586,Private,Professional,Rented,None,64,1,10.81,Mid
STU_000015,Male,21,Urban,India,Data Science,594,704,29.14,30.27,8.19,Stable,1908629,18961,MNC,Salaried,Rented,Spouse,45,1,11.65,Mid
STU_000016,Male,24,Semi-Urban,USA,STEM,757,759,12.4,73.58,8.12,Improving,3400603,11973,SME,Salaried,Rented,Sibling,53,1,10.03,High
STU_000017,Male,24,Urban,India,STEM,674,542,73.64,71.72,6.9,Stable,1627501,107160,SME,Salaried,Rented,Parent,46,1,12.13,Mid
STU_000018,Male,22,Urban,Canada,Medical,730,657,72.84,56.7,6.8,Stable,2656375,9765,Public Sector,Self-Employed,Owned,Parent,56,0,,High
STU_000019,Male,26,Rural,India,Data Science,599,714,36.89,61.83,9.5,Stable,539253,22783,MNC,Salaried,Rented,Parent,55,1,13.78,Low
STU_000020,Female,20,Urban,Australia,STEM,563,784,57.89,57,7.38,Stable,2763610,40932,SME,Professional,Rented,Parent,58,0,,High
STU_000021,Male,23,Semi-Urban,Canada,Arts,741,665,33.79,31.56,7.54,Stable,3861509,4676,Govt,Professional,Mortgaged,Parent,54,1,10.65,High
STU_000022,Male,24,Semi-Urban,India,STEM,708,568,54.28,51.8,8.94,Stable,2118794,34760,Public Sector,Professional,Mortgaged,Spouse,74,1,11.31,High
STU_000023,Male,25,Rural,Germany,Management,612,743,62.74,41.51,7.42,Stable,719295,8084,Public Sector,Salaried,Rented,Parent,44,1,14.05,Low
STU_000024,Male,26,Urban,India,STEM,614,655,71.65,36.4,9.63,Stable,1206232,48129,MNC,Self-Employed,Owned,None,39,0,,Low
STU_000025,Female,20,Urban,UK,Medical,764,616,37.21,92.19,8.86,Stable,1282651,8826,Private,Self-Employed,Mortgaged,Parent,49,1,11.95,Low
STU_000026,Male,18,Rural,India,STEM,590,656,61.35,68.96,8.35,Declining,955318,42537,MNC,Salaried,Rented,None,40,1,14.35,Low
STU_000027,Male,28,Semi-Urban,Canada,Management,803,687,28.75,77.36,9.37,Stable,3745185,62978,Public Sector,Salaried,Parental,Parent,40,1,10.4,High
STU_000028,Female,25,Rural,Canada,Management,612,657,74.39,50.5,6.38,Stable,887952,49929,SME,Salaried,Parental,Parent,44,0,,Low
STU_000029,Male,21,Urban,UK,Data Science,727,545,13.62,55.55,7.13,Improving,659913,27966,Private,Salaried,Owned,Parent,45,1,11.74,Low
STU_000030,Female,29,Rural,UK,Management,655,762,50.02,45.4,7.87,Declining,898149,17681,Public Sector,Salaried,Mortgaged,Parent,44,0,,Low
STU_000031,Male,24,Rural,India,Data Science,725,789,53.55,36.3,7.02,Stable,1079967,12738,Public Sector,Salaried,Owned,Parent,55,1,12.91,Low
STU_000032,Male,28,Semi-Urban,India,Medical,639,745,55.35,41.64,8.88,Improving,1448053,89097,Private,Salaried,Owned,Parent,48,0,,Low
STU_000033,Female,24,Urban,India,STEM,667,620,19.58,81.84,9.51,Improving,2171877,11333,MNC,Salaried,Rented,Parent,50,0,,High
STU_000034,Other,31,Semi-Urban,India,STEM,683,685,71.13,74.04,7.73,Improving,1753697,8223,MNC,Self-Employed,Owned,Spouse,58,1,12.41,Mid
STU_000035,Female,30,Rural,USA,STEM,604,699,23.41,65.55,7.43,Stable,828919,41444,Proprietorship,Salaried,Mortgaged,Spouse,46,1,13.55,Low
STU_000036,Male,23,Semi-Urban,India,Medical,735,741,51.23,60.88,9.66,Improving,1754155,10338,MNC,Salaried,Owned,Sibling,50,0,,Mid
STU_000037,Male,27,Urban,Australia,Management,641,746,26.03,89.96,7.8,Stable,1511987,8932,SME,Salaried,Owned,Parent,54,1,12.3,Mid
STU_000038,Female,26,Rural,USA,Management,662,648,31.35,34.73,7.96,Improving,813025,5589,Govt,Salaried,Rented,Spouse,37,0,,Low
STU_000039,Male,28,Semi-Urban,UK,Medical,605,705,46.43,48.24,7.47,Improving,1909934,13922,Public Sector,Self-Employed,Mortgaged,Spouse,34,1,12.51,Mid
STU_000040,Male,20,Urban,India,STEM,487,732,38.28,52.75,9.47,Stable,1776970,20361,Public Sector,Salaried,Parental,Parent,54,1,12.1,Mid
STU_000041,Male,26,Semi-Urban,Canada,Arts,665,801,22.09,80.86,8.25,Improving,1725291,27748,Private,Self-Employed,Mortgaged,Parent,55,1,11.51,Mid
STU_000042,Male,27,Rural,Germany,Data Science,860,749,22.77,94.51,8.94,Stable,1642762,54379,Proprietorship,Salaried,Rented,Parent,67,1,11.29,Mid
STU_000043,Female,18,Urban,India,Data Science,738,755,38.34,45.64,9.12,Improving,798042,36335,Govt,Self-Employed,Owned,Parent,53,1,12.11,Low
STU_000044,Male,19,Urban,USA,Data Science,678,705,59.71,86.83,7.43,Stable,2957753,18373,SME,Salaried,Owned,Parent,58,1,11.54,High
STU_000045,Female,18,Rural,UK,STEM,660,798,68.57,83.99,7.76,Stable,4088926,18246,MNC,Salaried,Owned,Parent,50,1,12.28,High
STU_000046,Male,23,Urban,India,Medical,681,728,17.3,44.6,9.25,Stable,4418033,35762,SME,Self-Employed,Rented,Spouse,54,1,10.18,High
STU_000047,Male,26,Rural,India,Arts,721,639,36.77,55.96,7.51,Declining,938655,73787,Public Sector,Salaried,Rented,Spouse,64,1,12.81,Low
STU_000048,Male,29,Urban,India,STEM,591,798,18.32,56.63,9.06,Stable,2983382,24834,Private,Self-Employed,Rented,None,36,1,11.25,High
STU_000049,Male,24,Rural,India,STEM,763,748,13.05,93.58,9.59,Stable,4116376,14105,MNC,Salaried,Mortgaged,Spouse,55,1,10.58,High
STU_000050,Other,29,Urban,India,Management,733,668,53.69,41.76,8.44,Stable,3067263,8576,MNC,Salaried,Rented,Parent,68,1,10.87,High
STU_000051,Female,19,Semi-Urban,India,Medical,733,666,49.95,81.95,8.87,Improving,1052018,5580,SME,Salaried,Owned,Guardian,54,1,13.08,Low
STU_000052,Female,18,Semi-Urban,India,STEM,712,720,22.27,51.72,9.1,Stable,1615470,41479,Private,Salaried,Owned,Guardian,64,1,11.17,Mid
STU_000053,Female,23,Semi-Urban,India,Data Science,681,732,26.73,77.51,9.24,Stable,3858756,38142,Public Sector,Professional,Mortgaged,Parent,47,0,,High
STU_000054,Female,25,Rural,Australia,STEM,730,713,13.49,57.3,7.62,Stable,1765994,38120,Public Sector,Self-Employed,Mortgaged,Spouse,51,1,11.36,Mid
STU_000055,Female,23,Urban,India,Medical,724,721,64.6,67.59,6.38,Stable,1904517,19492,Proprietorship,Salaried,Parental,None,52,1,11.9,Mid
STU_000056,Male,18,Semi-Urban,Australia,Arts,653,818,73.41,84.12,7.65,Stable,3951831,83833,SME,Salaried,Owned,Parent,35,1,12.08,High
STU_000057,Male,23,Urban,India,Management,636,775,20.53,82.27,8.63,Stable,1607502,13906,Public Sector,Salaried,Parental,Guardian,43,1,12.1,Mid
STU_000058,Male,19,Urban,India,Medical,687,713,26.58,86.32,7.82,Improving,1857817,54584,MNC,Self-Employed,Owned,Parent,43,1,11.37,Mid
STU_000059,Male,26,Urban,India,Management,796,765,66.71,33.88,8.9,Stable,1900027,21230,Public Sector,Salaried,Owned,Parent,58,1,10.84,Mid
STU_000060,Male,25,Urban,India,Data Science,587,627,70.37,74.98,7.49,Stable,2865268,12358,Govt,Salaried,Parental,Parent,58,0,,High
STU_000061,Male,20,Semi-Urban,India,Arts,569,727,38.44,39.1,8.49,Stable,672609,38673,Private,Professional,Owned,Spouse,54,0,,Low
STU_000062,Female,22,Rural,USA,Medical,692,826,15.19,57.03,6.87,Declining,1501316,32505,Private,Salaried,Rented,Sibling,58,1,11.39,Mid
STU_000063,Male,20,Urban,India,Data Science,683,684,14.48,65.66,8.9,Declining,1725451,30918,Private,Salaried,Owned,None,50,1,10.88,Mid
STU_000064,Male,23,Urban,USA,Medical,693,640,48.16,56.18,8.16,Improving,2881081,23794,Public Sector,Professional,Rented,Parent,61,1,10.94,High
STU_000065,Male,27,Semi-Urban,USA,Arts,698,654,36.75,63.77,6.93,Stable,1777454,21247,SME,Salaried,Parental,Parent,52,0,,Mid
STU_000066,Male,20,Urban,India,Data Science,663,623,13.81,94.77,7.25,Stable,2470102,212979,Private,Salaried,Owned,Sibling,52,1,10.71,High
STU_000067,Female,25,Urban,India,Data Science,791,645,48.74,38.79,8.89,Stable,4149163,67849,MNC,Salaried,Rented,Spouse,50,1,10.04,High
STU_000068,Male,22,Urban,UK,Management,559,674,12.71,73.9,7.94,Stable,757755,43769,MNC,Salaried,Owned,Parent,57,1,12.84,Low
STU_000069,Other,21,Semi-Urban,India,Arts,617,601,61.6,55.74,6.98,Stable,1613214,24494,Private,Salaried,Rented,Parent,48,1,12.9,Mid
STU_000070,Female,23,Rural,India,Data Science,672,701,31.31,38.65,9.68,Improving,980714,57342,Govt,Professional,Owned,Spouse,59,1,12.49,Low
STU_000071,Male,20,Urban,Australia,Medical,556,763,14.54,40.32,8.77,Declining,998851,36029,Public Sector,Salaried,Owned,Sibling,43,0,,Low
STU_000072,Male,22,Urban,India,Data Science,666,636,49.07,91.7,9.65,Improving,1607542,22581,Proprietorship,Self-Employed,Owned,Parent,43,0,,Mid
STU_000073,Female,19,Rural,USA,Medical,804,806,37.05,87.17,7.74,Stable,2679651,16508,SME,Professional,Owned,Parent,57,1,10.99,High
STU_000074,Female,30,Rural,Australia,Data Science,681,735,73.35,88.96,7.91,Improving,2424263,20396,Public Sector,Salaried,Parental,None,51,1,12.43,High
STU_000075,Female,24,Urban,India,Management,697,772,46.28,94.45,9.43,Stable,1218460,1083,MNC,Salaried,Owned,Spouse,48,1,12.86,Low
STU_000076,Female,21,Semi-Urban,India,Data Science,585,653,29.34,43.54,8.09,Stable,1270089,26905,MNC,Salaried,Owned,Parent,58,0,,Low
STU_000077,Male,24,Urban,India,STEM,633,759,56.69,53.1,8.75,Improving,1731164,13848,SME,Professional,Rented,Parent,47,1,12.47,Mid
STU_000078,Male,23,Urban,India,Management,651,623,29.1,73.5,7.11,Stable,1857043,100011,MNC,Self-Employed,Owned,Spouse,50,1,11.26,Mid
STU_000079,Male,23,Semi-Urban,India,Management,656,762,68.97,61.45,7.81,Stable,1235935,22434,Public Sector,Salaried,Mortgaged,Parent,62,1,13.22,Low
STU_000080,Female,26,Urban,USA,Management,776,712,35.61,57.2,6.64,Stable,2345688,7118,Private,Self-Employed,Parental,Parent,63,1,10,High
STU_000081,Female,26,Rural,India,STEM,721,738,46.64,53.26,6.94,Improving,4415445,21007,SME,Salaried,Rented,Parent,63,1,11.47,High
STU_000082,Male,22,Urban,India,Medical,596,617,15.19,68.6,6.2,Improving,1910515,8153,MNC,Professional,Parental,Parent,49,0,,Mid
STU_000083,Male,21,Urban,Australia,STEM,698,637,38.85,67.41,6.34,Stable,2511208,34535,Public Sector,Salaried,Rented,Spouse,61,0,,High
STU_000084,Male,23,Semi-Urban,UK,Medical,717,741,64.44,40.49,9.72,Improving,686165,29039,Private,Salaried,Owned,Parent,44,1,12.87,Low
STU_000085,Male,18,Urban,USA,Medical,765,633,62.76,60.66,7.07,Stable,1562830,54717,Private,Professional,Mortgaged,Spouse,45,1,11.08,Mid
STU_000086,Female,18,Semi-Urban,India,Data Science,798,732,26.13,65.98,8.59,Stable,1569189,10390,SME,Salaried,Rented,Parent,34,0,,Mid
STU_000087,Female,28,Urban,USA,Management,603,604,26.24,67.07,9.22,Improving,1248161,22749,MNC,Salaried,Rented,Parent,64,1,13.03,Low
STU_000088,Female,29,Urban,India,Arts,619,759,63.49,43.66,8.18,Improving,3174135,6022,SME,Salaried,Parental,Parent,45,1,11.99,High
STU_000089,Male,23,Urban,India,Data Science,585,613,70.62,78.25,6.75,Declining,1891467,42891,SME,Salaried,Rented,Guardian,51,1,13.05,Mid
STU_000090,Male,26,Rural,India,STEM,662,738,18.01,31.64,8.82,Stable,1873127,36059,Private,Salaried,Parental,Guardian,45,1,11.14,Mid
STU_000091,Female,25,Urban,Canada,STEM,714,743,40.35,53.06,8.36,Improving,1104612,35277,SME,Professional,Mortgaged,Parent,57,1,12.24,Low
STU_000092,Female,34,Semi-Urban,India,Data Science,754,651,33.26,80.71,8.83,Improving,1186366,22060,Public Sector,Salaried,Rented,Sibling,49,1,12.03,Low
STU_000093,Female,27,Urban,India,Management,674,740,66.85,66.65,8.97,Declining,518355,32664,MNC,Salaried,Rented,Spouse,42,1,12.94,Low
STU_000094,Female,23,Semi-Urban,India,Management,656,718,17.26,46.98,9.71,Stable,1655888,101125,SME,Self-Employed,Owned,None,55,1,11.01,Mid
STU_000095,Male,20,Urban,India,Management,691,662,25.3,75.17,8.26,Improving,1818911,16800,Private,Salaried,Parental,Parent,41,1,11.21,Mid
STU_000096,Male,18,Semi-Urban,UK,Data Science,617,629,59.41,66.88,7.43,Improving,509344,25127,Private,Salaried,Rented,Spouse,45,0,,Low
STU_000097,Male,24,Semi-Urban,UK,Management,836,562,15.23,81.76,8.53,Stable,1516488,7849,Public Sector,Self-Employed,Owned,Parent,36,1,10.69,Mid
STU_000098,Male,21,Semi-Urban,UK,STEM,559,724,43.03,77.78,6.45,Stable,1925943,9654,Proprietorship,Professional,Owned,Parent,41,0,,Mid
STU_000099,Male,19,Semi-Urban,India,Arts,693,590,39.85,69.66,9.43,Stable,1842012,24171,Private,Self-Employed,Rented,None,53,0,,Mid
STU_000100,Male,21,Semi-Urban,India,Data Science,831,706,33.07,61.73,6.63,Improving,1632684,62864,MNC,Self-Employed,Owned,Parent,37,1,10.8,Mid
STU_000101,Female,20,Rural,India,STEM,680,681,36.86,38.66,7.38,Declining,3719907,17266,Private,Salaried,Owned,Parent,40,0,,High
STU_000102,Male,29,Urban,India,Management,665,747,45.39,46.99,9.14,Improving,1896228,17603,SME,Professional,Rented,Parent,51,1,11.27,Mid
STU_000103,Male,27,Urban,India,Data Science,653,678,22.17,57.24,8.35,Improving,1653397,14964,SME,Salaried,Owned,Spouse,47,1,10.93,Mid
STU_000104,Female,23,Semi-Urban,UK,STEM,666,676,48.04,68.95,7.62,Stable,536037,13253,Private,Self-Employed,Rented,Spouse,66,1,12.89,Low
STU_000105,Male,29,Rural,India,Management,782,751,62.74,63.39,7.9,Stable,1432779,29150,Proprietorship,Salaried,Owned,Parent,65,1,12.72,Low
STU_000106,Male,24,Semi-Urban,India,Management,514,723,59.89,48.73,9.28,Stable,845179,5311,Public Sector,Professional,Owned,None,45,1,13.78,Low
STU_000107,Female,20,Urban,India,Arts,795,722,21.7,30.42,7.42,Stable,1553240,74376,Public Sector,Self-Employed,Mortgaged,Parent,56,1,9.9,Mid
STU_000108,Male,29,Urban,India,STEM,573,732,21.4,62.26,9.33,Stable,991856,11705,Proprietorship,Self-Employed,Rented,Parent,57,0,,Low
STU_000109,Male,25,Urban,India,Data Science,660,592,28.89,48.57,6.52,Stable,1268467,43730,Proprietorship,Salaried,Owned,Guardian,47,0,,Low
STU_000110,Male,20,Rural,Australia,Data Science,647,752,34.75,77.75,9,Stable,2554118,6591,SME,Salaried,Owned,Parent,40,0,,High
STU_000111,Male,23,Urban,UK,STEM,724,742,37.73,31.56,9.25,Stable,769490,41580,Proprietorship,Salaried,Rented,Parent,51,1,11.93,Low
STU_000112,Female,20,Urban,Germany,STEM,560,628,54.82,68.01,6.85,Stable,742714,41703,MNC,Self-Employed,Owned,Parent,50,0,,Low
STU_000113,Female,19,Urban,India,Medical,714,682,15.57,91.2,7.75,Stable,1491673,31729,Proprietorship,Salaried,Owned,Sibling,48,1,12.21,Low
STU_000114,Female,27,Urban,India,Medical,831,697,14.18,41.34,6.8,Stable,2493509,8563,Public Sector,Professional,Owned,Parent,55,1,9.38,High
STU_000115,Female,30,Rural,India,Medical,577,690,36.69,60.66,8.74,Declining,1075520,27919,MNC,Professional,Mortgaged,None,46,0,,Low
STU_000116,Female,19,Urban,India,Data Science,694,723,55.92,35.94,8.13,Declining,1962632,7158,Public Sector,Salaried,Mortgaged,Sibling,43,1,11.35,Mid
STU_000117,Male,25,Semi-Urban,Canada,STEM,630,800,24.19,70.67,8.49,Improving,1573448,17324,Public Sector,Self-Employed,Mortgaged,Parent,52,0,,Mid
STU_000118,Female,21,Urban,India,Data Science,711,775,52.41,65.78,6.91,Stable,1985427,58567,Public Sector,Salaried,Mortgaged,Spouse,54,1,11.64,Mid
STU_000119,Male,22,Urban,India,Medical,681,608,28.37,56.48,6.96,Improving,1973738,46951,Public Sector,Salaried,Rented,Parent,43,1,11.05,Mid
STU_000120,Female,21,Urban,India,STEM,631,743,67.82,63.89,6.35,Improving,4211429,22346,MNC,Salaried,Rented,Parent,58,1,12.32,High
STU_000121,Female,20,Urban,India,STEM,716,793,68.43,88.28,7.36,Improving,714556,8724,Public Sector,Salaried,Rented,Sibling,38,1,13.23,Low
STU_000122,Male,24,Urban,UK,STEM,815,727,30.73,42.76,8.22,Stable,1134055,40672,Private,Self-Employed,Owned,None,47,1,11.23,Low
STU_000123,Male,21,Urban,India,Data Science,665,776,26.49,31.47,9.29,Improving,1260891,22435,Private,Salaried,Rented,Parent,50,1,11.71,Low
STU_000124,Male,24,Rural,India,Management,733,840,37.91,86.01,8.6,Improving,1486027,2430,Public Sector,Self-Employed,Mortgaged,Parent,47,1,13.19,Low
STU_000125,Male,23,Urban,India,STEM,583,771,27.15,67.51,7.77,Improving,680423,46327,SME,Self-Employed,Rented,Parent,47,1,13.05,Low
STU_000126,Female,23,Rural,India,Management,608,717,54.36,87.89,9.63,Improving,1266025,21525,Proprietorship,Self-Employed,Owned,Parent,66,1,14.44,Low
STU_000127,Female,20,Semi-Urban,UK,Medical,715,773,64.04,68.8,8.79,Stable,1669400,69032,SME,Salaried,Owned,Parent,45,0,,Mid
STU_000128,Male,21,Semi-Urban,Canada,STEM,791,710,54.4,82.66,9.55,Stable,1587813,7781,Public Sector,Professional,Rented,Parent,70,1,11.48,Mid
STU_000129,Male,26,Urban,Germany,STEM,706,701,63.93,57.93,8.1,Stable,921376,1077,SME,Salaried,Mortgaged,Spouse,55,0,,Low
STU_000130,Male,25,Urban,UK,Arts,656,675,37.01,78.74,7.13,Improving,1896917,28713,MNC,Salaried,Parental,Parent,52,1,11.49,Mid
STU_000131,Male,20,Urban,India,STEM,679,809,21.85,89.35,6.39,Stable,964849,29056,MNC,Salaried,Owned,Parent,55,1,12.31,Low
STU_000132,Male,24,Urban,USA,Data Science,586,642,58.49,67.19,8.81,Stable,1037523,4419,Public Sector,Salaried,Mortgaged,Sibling,70,0,,Low
STU_000133,Male,26,Semi-Urban,India,STEM,725,807,34.71,41.75,6.64,Stable,1997579,8694,SME,Professional,Rented,Sibling,44,0,,Mid
STU_000134,Female,18,Urban,India,STEM,746,734,54.29,47.47,7.29,Stable,899109,301780,Public Sector,Salaried,Parental,Parent,43,1,12.46,Low
STU_000135,Male,25,Urban,Canada,Management,646,602,29.05,42.91,8.12,Stable,1115400,16476,MNC,Self-Employed,Rented,Parent,46,1,12.8,Low
STU_000136,Male,21,Rural,India,Medical,644,725,17.12,46.05,8.23,Improving,1682622,44108,MNC,Salaried,Rented,Spouse,52,1,12.19,Mid
STU_000137,Female,25,Rural,Canada,Medical,699,552,74.53,49.92,8.36,Improving,2981964,11871,Proprietorship,Salaried,Rented,Parent,39,0,,High
STU_000138,Male,21,Rural,India,STEM,647,743,21.84,66.08,6.8,Stable,1847820,3023,Private,Professional,Mortgaged,Parent,52,0,,Mid
STU_000139,Other,18,Urban,USA,Management,675,761,74.27,68.22,7.57,Stable,1437886,18736,Public Sector,Self-Employed,Parental,Spouse,64,1,13.1,Low
STU_000140,Other,18,Urban,USA,Management,837,658,73.57,57.72,8.42,Stable,3355897,17114,Private,Salaried,Owned,Parent,53,1,10.76,High
STU_000141,Male,24,Rural,Canada,Medical,661,708,62.01,70,9.69,Declining,1884199,15064,Private,Salaried,Owned,Parent,49,1,12.48,Mid
STU_000142,Male,24,Urban,USA,Arts,653,836,53.54,35.3,8.82,Stable,1544603,19753,Private,Salaried,Parental,Parent,47,1,11.29,Mid
STU_000143,Male,20,Urban,USA,Medical,631,664,48.4,35.71,9.52,Stable,2527895,28312,Public Sector,Salaried,Rented,Parent,58,1,11.6,High
STU_000144,Male,26,Urban,India,STEM,735,625,66.56,41.17,8.94,Stable,1751065,19098,Proprietorship,Self-Employed,Rented,Parent,45,1,11.63,Mid
STU_000145,Male,18,Urban,India,Management,666,803,30.23,63.68,8.33,Improving,520011,6628,Public Sector,Self-Employed,Rented,None,65,1,12.17,Low
STU_000146,Female,23,Urban,India,STEM,631,837,41.46,43.91,6.89,Declining,1626427,34957,SME,Salaried,Owned,Parent,66,1,12.06,Mid
STU_000147,Male,19,Urban,UK,Medical,779,700,51.02,48.41,8.6,Improving,1758700,3456,MNC,Professional,Mortgaged,Parent,53,1,10.7,Mid
STU_000148,Male,21,Rural,India,Management,786,770,37.9,56.02,8.44,Improving,1507480,3140,Public Sector,Salaried,Mortgaged,Parent,51,1,11.13,Mid
STU_000149,Male,24,Rural,USA,STEM,634,793,38.93,82.77,8.37,Stable,1632273,44454,Public Sector,Salaried,Owned,Guardian,59,1,13.07,Mid
STU_000150,Female,20,Semi-Urban,India,Management,540,648,32.81,30.9,7.96,Stable,3285077,35655,Private,Salaried,Owned,Parent,60,0,,High
STU_000151,Male,22,Urban,India,Management,755,666,47.55,72.21,8.1,Stable,3432873,20857,MNC,Salaried,Mortgaged,Parent,45,1,10.42,High
STU_000152,Male,27,Urban,USA,Management,628,786,65.59,73.48,7.4,Stable,4314379,5850,SME,Salaried,Owned,Guardian,48,1,12.39,High
STU_000153,Male,21,Urban,India,Management,739,817,24.7,81.91,8.07,Stable,3613364,11242,MNC,Salaried,Parental,Parent,42,1,10.78,High
STU_000154,Other,26,Rural,India,Management,532,739,70.87,90.63,6.91,Stable,3036839,17160,SME,Salaried,Owned,Parent,55,1,13.3,High
STU_000155,Male,20,Rural,India,Medical,746,638,55.41,31.31,9.1,Stable,1430351,4836,SME,Salaried,Rented,Parent,56,1,12.88,Low
STU_000156,Female,25,Urban,Germany,Data Science,589,839,63.87,40,6.87,Declining,1284882,10915,Private,Self-Employed,Parental,Parent,41,1,13.46,Low
STU_000157,Female,29,Semi-Urban,UK,STEM,734,662,47.04,87.6,6.51,Improving,1600004,40933,SME,Salaried,Rented,Parent,48,1,12.09,Mid
STU_000158,Male,18,Urban,India,STEM,681,676,61.11,59.8,7.77,Improving,2327105,85471,SME,Salaried,Rented,Spouse,41,1,11.24,High
STU_000159,Female,21,Rural,India,Medical,608,723,13.02,66.7,8.57,Improving,1837905,14787,Public Sector,Self-Employed,Mortgaged,Parent,45,1,12.36,Mid
STU_000160,Male,26,Rural,India,Arts,649,808,63.56,73.1,7.78,Stable,1779941,45191,SME,Professional,Owned,Parent,56,1,13.45,Mid
STU_000161,Female,23,Semi-Urban,UK,Medical,731,759,14.53,74.14,7.2,Improving,1289673,3574,Public Sector,Professional,Owned,Parent,46,1,12.28,Low
STU_000162,Female,25,Rural,USA,Management,687,729,68.06,90.56,8.21,Stable,1238805,41211,Private,Salaried,Parental,Parent,49,1,13.85,Low
STU_000163,Male,21,Semi-Urban,India,STEM,723,732,74.49,94.8,7.45,Improving,1812605,10262,SME,Salaried,Mortgaged,Parent,39,0,,Mid
STU_000164,Male,24,Urban,India,Management,828,703,30.53,76.81,9.56,Stable,1486382,29495,Public Sector,Salaried,Rented,Guardian,53,0,,Low
STU_000165,Female,23,Semi-Urban,India,Medical,562,739,25.25,48.67,9.52,Declining,1033589,17407,Public Sector,Salaried,Owned,Parent,51,1,13.09,Low
STU_000166,Male,28,Urban,USA,STEM,801,522,60.22,87.18,8.01,Stable,613105,77218,Private,Professional,Owned,Spouse,46,1,12.35,Low
STU_000167,Male,24,Semi-Urban,UK,Data Science,687,679,27.94,33.2,7.38,Stable,1328273,9597,SME,Salaried,Owned,Parent,50,1,12.06,Low
STU_000168,Male,25,Rural,India,STEM,612,716,66.53,45.02,8.85,Declining,1625926,39983,Govt,Salaried,Rented,Parent,53,1,13.17,Mid
STU_000169,Female,22,Semi-Urban,India,Data Science,580,619,18.48,88.33,6.33,Stable,1277302,16889,Private,Salaried,Mortgaged,Parent,45,1,13.43,Low
STU_000170,Female,22,Urban,India,Arts,665,727,19.94,46.65,7.91,Improving,1978553,18950,SME,Salaried,Rented,Parent,40,0,,Mid
STU_000171,Male,22,Rural,Australia,Management,749,685,73.69,44.34,7.41,Improving,1196795,18496,Proprietorship,Self-Employed,Mortgaged,Parent,65,0,,Low
STU_000172,Male,25,Rural,India,Medical,670,822,54.45,38.98,9.51,Improving,3490075,9863,MNC,Salaried,Owned,Parent,47,1,11.46,High
STU_000173,Male,22,Rural,UK,Medical,793,810,65.35,85.84,6.24,Declining,960386,21733,Public Sector,Salaried,Owned,Sibling,51,1,13.04,Low
STU_000174,Female,25,Urban,USA,Medical,571,667,32.43,62.5,8.19,Declining,1682204,20753,SME,Salaried,Owned,Parent,59,1,12.1,Mid
STU_000175,Male,31,Urban,India,Medical,679,689,54.62,73.87,8.87,Stable,1676502,27699,Proprietorship,Salaried,Rented,Parent,78,1,11.78,Mid
STU_000176,Female,27,Urban,India,Arts,586,694,49.44,45.54,7.95,Improving,1136372,23867,Proprietorship,Salaried,Owned,Parent,42,1,13.24,Low
STU_000177,Male,22,Urban,India,Data Science,707,668,50,79.27,6.51,Improving,3878182,47009,Public Sector,Salaried,Parental,Parent,55,1,11.25,High
STU_000178,Female,28,Semi-Urban,USA,STEM,746,713,55,79.4,9.7,Improving,1839258,52962,MNC,Salaried,Owned,Parent,46,1,12.15,Mid
STU_000179,Male,22,Urban,UK,Medical,648,646,48.25,50.32,8.06,Stable,1599205,8118,Public Sector,Self-Employed,Parental,Parent,47,1,12.27,Mid
STU_000180,Male,18,Semi-Urban,USA,Data Science,484,620,39.03,56.69,8.41,Improving,993987,50278,Public Sector,Professional,Rented,Parent,46,0,,Low
STU_000181,Male,20,Urban,India,Arts,694,743,29.38,43.63,7.05,Declining,3979100,7136,Public Sector,Professional,Parental,Spouse,43,1,10.41,High
STU_000182,Female,18,Urban,India,Data Science,712,744,60.42,93.48,7.94,Declining,3189260,38501,SME,Professional,Rented,Guardian,51,0,,High
STU_000183,Female,22,Semi-Urban,Australia,Management,710,643,26.26,71.96,7.74,Stable,1036623,39685,MNC,Salaried,Parental,Parent,40,1,12.49,Low
STU_000184,Male,24,Rural,UK,STEM,772,762,55.62,90.75,6.47,Stable,1271136,3584,Proprietorship,Salaried,Owned,Parent,59,1,12.9,Low
STU_000185,Female,29,Urban,India,Management,599,655,26.7,49.72,6.58,Stable,3653163,24060,Public Sector,Salaried,Mortgaged,Guardian,52,1,11.33,High
STU_000186,Female,25,Rural,Australia,Medical,731,717,51.4,80.82,9.21,Improving,1704672,14114,Private,Professional,Parental,Parent,55,0,,Mid
STU_000187,Female,23,Rural,USA,Management,769,757,59.07,79.78,7.06,Improving,4238531,10712,MNC,Professional,Owned,Parent,48,1,11.34,High
STU_000188,Male,26,Urban,India,STEM,546,697,25.78,74.96,6.9,Stable,1581283,79483,Public Sector,Professional,Owned,Parent,49,1,12.12,Mid
STU_000189,Male,18,Semi-Urban,UK,STEM,703,731,15.78,92.77,8.02,Stable,1997758,11837,MNC,Salaried,Rented,Parent,54,1,11.53,Mid
STU_000190,Male,24,Semi-Urban,UK,Management,642,663,20.25,55.58,8.97,Stable,618852,10238,Govt,Professional,Parental,Spouse,43,1,13.07,Low
STU_000191,Female,26,Rural,USA,Medical,673,686,50.18,38.5,6.42,Stable,514949,23668,SME,Salaried,Rented,Parent,49,1,12.87,Low
STU_000192,Female,18,Urban,India,STEM,706,685,65.52,73.66,8.28,Declining,1945009,42247,Private,Salaried,Rented,Parent,45,1,11.99,Mid
STU_000193,Female,28,Rural,India,Medical,643,647,14.83,77.41,6.63,Improving,2612383,19253,Public Sector,Salaried,Owned,Parent,45,1,12.03,High
STU_000194,Male,25,Urban,Germany,Management,629,687,58.25,67.38,6.33,Stable,1229699,66706,Govt,Salaried,Owned,Sibling,36,1,13.67,Low
STU_000195,Male,22,Urban,India,Medical,682,591,33.5,43.44,6.39,Stable,1905507,36476,Public Sector,Salaried,Mortgaged,Spouse,62,0,,Mid
STU_000196,Female,26,Urban,India,Data Science,598,665,42.15,62.79,9.2,Stable,1929493,2781,MNC,Salaried,Owned,Parent,46,0,,Mid
STU_000197,Female,31,Urban,India,Management,598,680,70.52,50.29,6.62,Declining,1995797,13319,Private,Salaried,Rented,Parent,60,1,12.71,Mid
STU_000198,Female,24,Semi-Urban,India,Management,730,682,32.91,57.79,6.36,Stable,2735099,12916,Govt,Salaried,Parental,Spouse,60,0,,High
STU_000199,Female,24,Rural,USA,Medical,593,683,41.32,71.94,7.78,Stable,3775608,34731,MNC,Professional,Owned,Sibling,42,0,,High
STU_000200,Female,22,Rural,Germany,Arts,729,695,12.86,78.44,9.24,Stable,615399,1819,Public Sector,Self-Employed,Rented,Spouse,43,0,,Low
STU_000201,Male,21,Urban,India,STEM,714,733,17.14,45.09,7.14,Improving,3017023,248093,Govt,Salaried,Owned,Parent,71,0,,High
STU_000202,Male,26,Urban,India,STEM,550,761,28.29,56.35,7.72,Improving,4119929,36478,MNC,Self-Employed,Rented,Spouse,65,1,11.44,High
STU_000203,Female,21,Urban,India,Medical,629,654,13.75,47.5,6.34,Improving,2919145,25372,MNC,Professional,Owned,Spouse,51,1,11.05,High
STU_000204,Female,24,Semi-Urban,Canada,STEM,769,615,51.78,42.91,7.82,Stable,1795547,67676,Private,Salaried,Mortgaged,Parent,53,1,10.95,Mid
STU_000205,Male,22,Urban,USA,Management,606,627,38.86,80.92,8.28,Stable,3259433,204121,Proprietorship,Salaried,Owned,Parent,47,1,11.95,High
STU_000206,Male,25,Semi-Urban,India,STEM,645,665,46.53,89.1,8.26,Stable,1145951,50372,Private,Salaried,Rented,Parent,55,1,14,Low
STU_000207,Female,25,Rural,UK,Arts,714,675,23,54.07,7.4,Improving,1472894,54250,Govt,Salaried,Rented,Spouse,46,1,12.51,Low
STU_000208,Male,27,Urban,Canada,STEM,738,646,30.64,78.83,7.34,Stable,2139338,24938,SME,Self-Employed,Owned,Parent,36,1,10.86,High
STU_000209,Male,22,Rural,Canada,Data Science,661,609,53.82,88.3,6.58,Improving,1073961,19255,MNC,Professional,Mortgaged,Spouse,42,0,,Low
STU_000210,Male,23,Urban,Canada,Data Science,635,668,72.81,85,7.52,Declining,1363028,14016,Govt,Salaried,Owned,Guardian,52,1,14.18,Low
STU_000211,Female,20,Semi-Urban,India,Management,786,712,15.18,41.88,6.56,Declining,3203456,10048,Public Sector,Self-Employed,Rented,Sibling,43,1,9.71,High
STU_000212,Female,22,Semi-Urban,UK,Arts,810,741,68.09,92.16,8.96,Stable,2196317,11468,Public Sector,Professional,Owned,Guardian,51,1,11.37,High
STU_000213,Male,25,Urban,India,Management,753,660,48.34,54.48,9.68,Stable,1060539,6105,Private,Professional,Mortgaged,None,43,1,11.72,Low
STU_000214,Female,26,Urban,Canada,STEM,686,671,47.53,52.05,9.69,Stable,2830184,20494,Public Sector,Salaried,Owned,Parent,46,0,,High
STU_000215,Male,20,Rural,UK,Management,619,635,43.52,34.06,9.31,Improving,1577470,4445,MNC,Professional,Rented,Spouse,58,0,,Mid
STU_000216,Male,27,Semi-Urban,UK,Management,617,697,16.37,61.6,8.36,Improving,1924517,26406,MNC,Salaried,Owned,Parent,53,1,12.07,Mid
STU_000217,Female,28,Urban,USA,Medical,719,640,17.66,37.09,8.72,Stable,3303998,21279,Private,Salaried,Mortgaged,Sibling,51,1,10.1,High
STU_000218,Female,25,Rural,India,Medical,711,740,49.86,46.16,7.23,Stable,1966638,25326,Proprietorship,Salaried,Owned,Parent,58,1,11.95,Mid
STU_000219,Female,30,Rural,India,STEM,785,574,33.48,50.6,8.47,Improving,1306016,13412,Private,Salaried,Parental,None,55,1,11.98,Low
STU_000220,Female,21,Rural,Australia,STEM,728,674,69.79,82.57,7.84,Declining,1192971,409633,Govt,Self-Employed,Parental,Spouse,62,0,,Low
STU_000221,Female,19,Urban,Germany,Management,567,721,37.62,86.91,7.94,Stable,1502512,80186,Public Sector,Salaried,Owned,Sibling,48,1,12.5,Mid
STU_000222,Male,18,Rural,India,Management,758,712,21.03,49.66,8.93,Improving,1713911,6752,Public Sector,Salaried,Rented,Parent,48,1,10.72,Mid
STU_000223,Male,29,Semi-Urban,India,STEM,605,888,57.03,85.82,7.21,Stable,2493715,27480,MNC,Salaried,Owned,Parent,42,1,12.67,High
STU_000224,Male,26,Urban,India,Medical,651,724,30.48,85.72,7.34,Stable,4276994,12362,MNC,Self-Employed,Owned,Spouse,48,1,10.94,High
STU_000225,Male,23,Urban,UK,Data Science,698,629,45.1,79.7,9.53,Declining,1587291,8402,Public Sector,Salaried,Mortgaged,Parent,59,1,11.66,Mid
STU_000226,Other,24,Semi-Urban,UK,STEM,829,693,55.96,39.54,6.4,Improving,2715150,6166,SME,Self-Employed,Rented,Sibling,61,1,10.49,High
STU_000227,Male,20,Urban,India,Data Science,900,575,68.72,74.87,7.95,Improving,1016836,33209,Proprietorship,Salaried,Rented,Parent,59,0,,Low
STU_000228,Female,32,Semi-Urban,India,STEM,725,694,61.91,91.43,9.49,Stable,763363,11529,Govt,Salaried,Owned,Spouse,38,1,13.44,Low
STU_000229,Female,24,Urban,Canada,Medical,666,641,54.61,74.37,8.4,Improving,2524661,55239,Public Sector,Salaried,Owned,Parent,60,0,,High
STU_000230,Female,24,Urban,UK,STEM,720,764,54.82,51.56,8.17,Stable,1099099,56618,Proprietorship,Salaried,Owned,Spouse,38,1,12.51,Low
STU_000231,Male,26,Semi-Urban,India,Medical,746,661,71.59,62.54,7.1,Stable,588929,81244,Public Sector,Salaried,Mortgaged,Spouse,58,1,13.28,Low
STU_000232,Female,25,Urban,India,Medical,655,691,30.64,71.97,7.44,Stable,1529083,9800,MNC,Salaried,Rented,Parent,49,1,11.28,Mid
STU_000233,Male,24,Rural,India,Data Science,814,655,12.07,63.19,9.27,Stable,1686122,34599,Proprietorship,Professional,Mortgaged,Parent,57,1,10.7,Mid
STU_000234,Male,21,Urban,India,Medical,697,821,29.13,37.8,8.21,Improving,3801661,40168,Private,Self-Employed,Owned,Parent,42,1,10.34,High
STU_000235,Female,25,Rural,India,Data Science,717,677,25.73,50.28,8.05,Improving,1054806,14038,MNC,Salaried,Owned,Spouse,60,1,12.52,Low
STU_000236,Male,30,Urban,USA,Data Science,729,828,53.7,82.16,6.56,Stable,922876,10581,Public Sector,Salaried,Owned,Parent,41,0,,Low
STU_000237,Male,28,Urban,Canada,Data Science,711,756,51.92,85.99,6.26,Stable,1065751,101624,Public Sector,Professional,Owned,Spouse,46,1,12.87,Low
STU_000238,Female,29,Semi-Urban,USA,Arts,742,733,49.39,38.92,9.67,Stable,1682725,27340,SME,Salaried,Owned,Parent,44,1,11.55,Mid
STU_000239,Male,22,Urban,UK,Medical,633,725,13.02,91.91,7.56,Stable,1436146,40302,Private,Salaried,Mortgaged,Parent,38,1,13.06,Low
STU_000240,Female,20,Rural,India,Medical,638,727,57.91,51.37,8.37,Improving,1527452,10087,Govt,Self-Employed,Parental,Parent,52,1,13.07,Mid
STU_000241,Other,23,Urban,India,STEM,597,565,32.38,73.05,6.49,Improving,3683478,6916,MNC,Salaried,Rented,Parent,65,1,11.72,High
STU_000242,Female,24,Semi-Urban,India,Medical,712,680,53.9,78.87,8.66,Stable,4228206,12823,Public Sector,Salaried,Rented,Parent,72,1,11.62,High
STU_000243,Male,27,Urban,India,STEM,738,759,47.06,82.78,9.56,Stable,1303884,19578,Private,Salaried,Owned,None,52,0,,Low
STU_000244,Male,18,Semi-Urban,UK,Data Science,714,696,33.59,91.47,8.27,Improving,1592020,8014,Private,Salaried,Parental,Guardian,60,1,11.87,Mid
STU_000245,Female,29,Urban,Australia,STEM,805,601,20.48,50.34,6.65,Improving,1647963,21821,Public Sector,Self-Employed,Owned,Parent,53,1,10.11,Mid
STU_000246,Male,23,Urban,India,Medical,679,696,17.95,85.8,8.29,Stable,3792619,4428,SME,Salaried,Parental,Spouse,55,1,10.69,High
STU_000247,Other,22,Urban,India,Management,730,819,64.39,38.56,8.96,Stable,2210676,7600,Proprietorship,Salaried,Rented,Sibling,49,1,11.05,High
STU_000248,Other,20,Urban,UK,Medical,598,787,69.86,75.83,7.66,Improving,1311861,41662,Govt,Salaried,Owned,Parent,53,0,,Low
STU_000249,Female,18,Rural,India,Management,650,695,52.94,78.23,9.37,Stable,1859453,39089,SME,Salaried,Parental,Parent,56,1,12.4,Mid
STU_000250,Male,26,Urban,India,Data Science,732,766,18.52,74.05,8.54,Stable,1229606,15179,Proprietorship,Professional,Owned,Parent,47,1,12.06,Low
STU_000251,Male,24,Semi-Urban,UK,Medical,743,674,37.33,46.4,9.44,Improving,600241,8375,Private,Professional,Rented,Parent,51,0,,Low
STU_000252,Female,19,Urban,USA,Management,657,580,57.92,86.75,8.44,Improving,1217760,8299,Proprietorship,Self-Employed,Rented,None,51,1,13,Low
STU_000253,Male,19,Urban,India,Management,674,635,61.13,40.98,6.67,Improving,1839909,15450,Public Sector,Salaried,Owned,Spouse,58,1,11.51,Mid
STU_000254,Male,22,Rural,India,STEM,566,809,19.45,33.49,7.31,Improving,1915461,40631,Public Sector,Salaried,Rented,Parent,44,0,,Mid
STU_000255,Female,29,Rural,UK,STEM,653,680,12,76.64,6.93,Improving,541595,53201,Public Sector,Salaried,Rented,Parent,51,0,,Low
STU_000256,Female,23,Urban,India,Medical,746,682,56.86,60.91,9.47,Stable,1511555,13743,Private,Salaried,Mortgaged,Sibling,66,1,11.67,Mid
STU_000257,Female,18,Urban,India,Management,723,679,34.47,85.19,8.94,Stable,873007,7362,Public Sector,Professional,Owned,Sibling,60,1,12.51,Low
STU_000258,Female,23,Urban,UK,Medical,717,833,28.03,54.92,8.64,Stable,1574394,28408,Govt,Salaried,Parental,Spouse,62,1,11.02,Mid
STU_000259,Male,23,Rural,India,Medical,683,813,12.81,40.94,7.28,Stable,1058384,10073,Public Sector,Salaried,Owned,Spouse,52,0,,Low
STU_000260,Female,18,Rural,UK,STEM,680,855,46.04,84.37,6.86,Improving,1417348,13462,MNC,Salaried,Owned,Parent,54,0,,Low
STU_000261,Other,23,Urban,India,STEM,630,688,65.62,65.68,8.92,Declining,1695739,77575,Private,Self-Employed,Owned,Sibling,59,0,,Mid
STU_000262,Male,23,Semi-Urban,Germany,Medical,732,720,72.33,42.3,7.91,Declining,1344950,48327,MNC,Salaried,Owned,Sibling,63,1,13.05,Low
STU_000263,Male,26,Semi-Urban,India,Management,711,593,47.64,76.82,7.01,Improving,1500120,25593,MNC,Salaried,Owned,Parent,37,1,11.97,Mid
STU_000264,Female,30,Rural,India,Arts,716,803,44.41,63.22,8.42,Stable,668514,6579,MNC,Salaried,Parental,Spouse,42,0,,Low
STU_000265,Female,27,Semi-Urban,India,STEM,640,618,17.36,69.28,6.35,Stable,1515211,26925,Private,Professional,Owned,Parent,61,1,12.18,Mid
STU_000266,Female,23,Urban,India,STEM,518,715,46.58,59.96,7.37,Improving,828147,60447,Public Sector,Salaried,Owned,Parent,49,0,,Low
STU_000267,Female,20,Urban,Canada,Management,762,623,35.94,83.87,7.89,Improving,1954094,15415,SME,Professional,Owned,Parent,46,1,10.83,Mid
STU_000268,Male,33,Urban,Australia,STEM,644,658,50.25,83.92,6.73,Improving,2242380,79503,SME,Self-Employed,Mortgaged,Parent,42,1,12.21,High
STU_000269,Male,24,Urban,India,Management,615,641,36.49,76.11,9.74,Improving,1106409,75215,Public Sector,Salaried,Mortgaged,Parent,47,1,13.34,Low
STU_000270,Female,24,Rural,India,STEM,732,657,27.14,36.85,6.95,Improving,1725747,106995,Public Sector,Self-Employed,Owned,Parent,41,0,,Mid
STU_000271,Female,23,Semi-Urban,UK,Arts,650,662,17.98,84.53,6.67,Improving,1438468,29436,Public Sector,Salaried,Owned,Parent,67,1,12.47,Low
STU_000272,Female,24,Urban,Canada,Medical,759,661,31.84,73.62,6.93,Stable,1561259,38484,SME,Professional,Owned,Parent,51,1,10.62,Mid
STU_000273,Female,23,Urban,India,Management,726,758,18.09,75.31,8.97,Improving,712027,84413,MNC,Salaried,Owned,Parent,51,0,,Low
STU_000274,Male,21,Urban,India,Management,731,622,23.14,53.59,7.73,Declining,1514770,33692,MNC,Salaried,Owned,Parent,56,1,10.91,Mid
STU_000275,Male,22,Semi-Urban,India,Medical,577,715,74.2,87.15,8.24,Stable,1716967,13681,SME,Salaried,Rented,Spouse,59,1,13.53,Mid
STU_000276,Female,23,Urban,USA,Management,770,785,39.98,77.15,6.28,Improving,2694582,14384,Private,Salaried,Owned,Parent,59,1,10.33,High
STU_000277,Female,22,Rural,India,Management,699,664,45.51,37.32,6.32,Stable,1934952,27629,MNC,Professional,Rented,Parent,60,1,11.76,Mid
STU_000278,Female,21,Urban,USA,Data Science,652,649,67.04,56.51,7.8,Declining,1802470,6463,Public Sector,Salaried,Owned,Guardian,47,1,11.82,Mid
STU_000279,Female,24,Urban,India,STEM,690,683,74.72,87.61,9.14,Stable,1807045,19223,Govt,Self-Employed,Parental,Spouse,49,0,,Mid
STU_000280,Female,23,Semi-Urban,UK,Medical,546,782,48.71,33.07,9.39,Improving,3329776,62424,Proprietorship,Salaried,Parental,Sibling,57,1,11.87,High
STU_000281,Male,29,Semi-Urban,India,Arts,710,713,63.19,92.49,6.51,Stable,2229625,2747,SME,Professional,Rented,Parent,48,1,11.97,High
STU_000282,Male,18,Urban,India,Management,602,662,32.6,74.15,8.14,Improving,945018,94632,Private,Salaried,Owned,Parent,51,0,,Low
STU_000283,Male,27,Semi-Urban,India,Arts,578,733,31.26,71.04,9.49,Stable,4498762,63975,Private,Salaried,Owned,Spouse,54,1,11.98,High
STU_000284,Female,28,Rural,USA,Medical,565,622,37.37,47.59,7.6,Stable,1917614,14231,Govt,Salaried,Rented,Parent,57,1,12.62,Mid
STU_000285,Male,18,Semi-Urban,India,Data Science,763,747,54.37,46.17,9.19,Stable,4233647,36909,Govt,Self-Employed,Mortgaged,Parent,38,0,,High
STU_000286,Male,22,Urban,India,STEM,632,728,54.98,91.23,6.68,Declining,4058065,22092,MNC,Salaried,Rented,Parent,57,0,,High
STU_000287,Male,22,Rural,India,Data Science,795,678,31.86,49.39,9.57,Stable,603041,70862,SME,Salaried,Mortgaged,Sibling,50,1,11.93,Low
STU_000288,Male,19,Urban,India,Arts,639,641,20.39,80.41,8.91,Stable,1613724,56024,MNC,Salaried,Parental,Parent,57,1,12.07,Mid
STU_000289,Female,21,Rural,USA,Medical,551,637,51.84,55.55,9.59,Improving,503121,5825,MNC,Self-Employed,Owned,Guardian,57,1,14,Low
STU_000290,Male,20,Urban,USA,Arts,596,737,20.08,39.05,8.64,Stable,803510,38480,SME,Salaried,Rented,Guardian,64,1,12.57,Low
STU_000291,Male,30,Urban,UK,Medical,772,786,48.45,30.7,7.51,Declining,608607,18117,Public Sector,Salaried,Owned,Parent,62,1,11.44,Low
STU_000292,Female,27,Urban,India,Medical,668,655,55.69,65.38,9.58,Stable,1736396,23829,Govt,Salaried,Owned,Spouse,62,1,11.7,Mid
STU_000293,Male,28,Rural,UK,Medical,638,732,56.14,93.43,7.19,Improving,1177127,11028,MNC,Professional,Rented,Spouse,62,1,14.54,Low
STU_000294,Male,26,Urban,India,STEM,692,553,59.47,53.99,7.4,Stable,1374505,115928,Private,Professional,Owned,Sibling,54,0,,Low
STU_000295,Male,20,Rural,India,Management,717,659,66.99,53.22,8.72,Stable,1874608,59163,Proprietorship,Salaried,Parental,Parent,52,1,12.38,Mid
STU_000296,Female,22,Semi-Urban,India,STEM,763,697,43.5,52.37,8.96,Improving,1438585,10907,Proprietorship,Salaried,Owned,Sibling,58,1,11.9,Low
STU_000297,Male,25,Urban,India,STEM,788,636,58.01,63.84,9.55,Improving,553898,6198,MNC,Salaried,Rented,Parent,57,1,12.03,Low
STU_000298,Female,19,Rural,UK,Data Science,653,634,51.01,58.64,6.94,Improving,512179,15269,Public Sector,Salaried,Rented,None,49,1,13.12,Low
STU_000299,Male,26,Urban,USA,Data Science,580,653,23.76,87.19,9.07,Stable,1161338,33282,Private,Salaried,Mortgaged,Parent,55,0,,Low
STU_000300,Male,23,Semi-Urban,UK,Medical,648,720,13.62,62.86,8.86,Stable,1644676,27672,MNC,Self-Employed,Owned,Parent,51,0,,Mid
STU_000301,Male,22,Urban,India,Medical,699,686,29.93,63,6.43,Stable,753501,72437,Govt,Salaried,Parental,Sibling,45,1,12.15,Low
STU_000302,Male,26,Rural,India,Medical,607,543,39.91,38.99,7.59,Declining,2827217,46649,Proprietorship,Professional,Rented,Sibling,61,0,,High
STU_000303,Female,25,Semi-Urban,India,Management,608,551,50.88,93.88,7.22,Stable,1634898,55331,MNC,Salaried,Rented,Parent,52,1,13.14,Mid
STU_000304,Female,22,Semi-Urban,India,Management,705,657,65.55,46.25,7.3,Stable,1011436,30046,MNC,Self-Employed,Owned,Parent,67,1,12.97,Low
STU_000305,Other,28,Rural,India,Medical,676,732,24.36,34.77,9.74,Stable,940148,5885,MNC,Salaried,Rented,Parent,39,1,12.3,Low
STU_000306,Male,20,Urban,India,Medical,682,507,19.91,73.1,8.51,Improving,1756214,18289,Proprietorship,Salaried,Mortgaged,None,47,1,11.08,Mid
STU_000307,Male,26,Rural,India,Arts,623,665,72.7,68.7,8.78,Stable,1836356,60299,MNC,Salaried,Rented,Spouse,52,0,,Mid
STU_000308,Female,26,Semi-Urban,India,STEM,662,663,18.81,56.98,9.72,Declining,887130,20974,Public Sector,Salaried,Mortgaged,Sibling,60,0,,Low
STU_000309,Male,22,Rural,UK,Medical,610,797,42.14,57.44,7.56,Stable,751307,35523,Private,Salaried,Rented,Parent,54,0,,Low
STU_000310,Male,25,Urban,Australia,STEM,746,673,48.89,81.03,9.09,Declining,2415501,16271,Private,Self-Employed,Owned,Parent,54,1,11.25,High
STU_000311,Male,19,Semi-Urban,Germany,Management,757,726,46.11,42.72,7.76,Stable,849474,8280,MNC,Professional,Owned,Spouse,43,1,11.83,Low
STU_000312,Male,27,Rural,USA,Medical,541,709,17.42,83.32,9.33,Improving,1241806,19590,Public Sector,Salaried,Owned,Sibling,43,1,13.65,Low
STU_000313,Other,23,Rural,India,STEM,610,550,15.59,72.17,6.85,Declining,3891762,29542,Govt,Salaried,Mortgaged,Parent,54,1,11.98,High
STU_000314,Female,22,Urban,USA,STEM,567,753,18.65,57.23,9.61,Stable,1833452,11814,Proprietorship,Salaried,Mortgaged,Sibling,41,0,,Mid
STU_000315,Female,27,Rural,UK,Medical,631,715,48.89,59.77,6.99,Declining,734028,17607,SME,Salaried,Owned,Parent,48,0,,Low
STU_000316,Male,21,Urban,India,Arts,673,735,46.29,46.68,7.37,Stable,1794043,9022,MNC,Salaried,Rented,Parent,55,1,11.29,Mid
STU_000317,Male,19,Rural,India,Data Science,571,900,26.73,78.89,8.92,Declining,1070689,63785,Public Sector,Self-Employed,Rented,Parent,44,0,,Low
STU_000318,Male,18,Urban,UK,STEM,610,554,52.18,63.34,7.62,Improving,1742133,16651,Private,Professional,Rented,Parent,64,1,12.5,Mid
STU_000319,Male,26,Rural,India,STEM,604,820,63.66,50.86,8.39,Stable,1774989,87563,Public Sector,Professional,Owned,Parent,61,0,,Mid
STU_000320,Male,19,Semi-Urban,India,STEM,695,679,14.62,68.74,7.8,Stable,3229476,94118,Proprietorship,Salaried,Owned,Parent,40,1,10.72,High
STU_000321,Female,30,Urban,India,Management,685,720,43.38,94.72,8.87,Stable,3413640,20394,Private,Professional,Owned,Parent,45,1,11.3,High
STU_000322,Female,18,Semi-Urban,India,Medical,625,696,55.43,58.29,7.02,Stable,3788764,8450,MNC,Self-Employed,Owned,Sibling,34,0,,High
STU_000323,Male,29,Urban,India,Management,693,670,27.9,89.84,6.41,Stable,2274070,3036,Proprietorship,Salaried,Owned,Parent,46,0,,High
STU_000324,Other,24,Semi-Urban,India,STEM,638,660,31.39,52.43,7.28,Stable,1874812,5440,Govt,Salaried,Owned,Parent,57,1,12.26,Mid
STU_000325,Female,23,Semi-Urban,India,STEM,659,723,50.66,33.56,7.91,Stable,635886,5972,MNC,Professional,Rented,Parent,48,0,,Low
STU_000326,Female,22,Rural,India,Management,805,593,68.57,43.28,6.8,Improving,1533313,81596,Private,Salaried,Owned,Parent,55,1,11.59,Mid
STU_000327,Female,25,Rural,UK,Arts,780,752,63.03,57.22,7.48,Stable,1988039,24588,Public Sector,Salaried,Parental,Sibling,40,1,11.65,Mid
STU_000328,Male,23,Semi-Urban,India,Arts,582,670,48.74,44.28,7.64,Stable,4392479,31892,Public Sector,Salaried,Owned,Parent,57,1,12.01,High
STU_000329,Male,27,Urban,India,Data Science,742,620,58,30.01,6.41,Improving,560436,2672,MNC,Salaried,Owned,Sibling,47,0,,Low
STU_000330,Male,24,Urban,India,STEM,740,668,34.98,89.48,8.3,Stable,3108133,7058,Private,Salaried,Owned,Spouse,52,1,11.07,High
STU_000331,Female,24,Rural,Germany,Data Science,593,788,52.38,84.85,9.38,Stable,2465612,51160,Govt,Professional,Owned,Parent,51,1,12.87,High
STU_000332,Male,22,Semi-Urban,India,Management,741,662,41.37,78.25,6.75,Stable,3213362,28924,Private,Self-Employed,Mortgaged,Parent,42,0,,High
STU_000333,Male,23,Semi-Urban,India,Data Science,795,725,23.97,40.91,8.35,Declining,4075443,19151,MNC,Self-Employed,Owned,Parent,43,1,9.87,High
STU_000334,Male,25,Semi-Urban,Canada,Management,595,648,56.21,37.82,8.59,Improving,1450611,37669,Private,Salaried,Parental,Parent,59,0,,Low
STU_000335,Male,18,Urban,Canada,Data Science,611,753,47.06,34.39,7.71,Stable,1134252,104193,Public Sector,Salaried,Parental,Spouse,54,0,,Low
STU_000336,Female,19,Semi-Urban,India,Medical,756,747,34.59,77.06,8.72,Improving,853905,17854,Proprietorship,Salaried,Rented,Spouse,59,1,12.02,Low
STU_000337,Female,26,Urban,UK,Data Science,700,829,69.41,90.37,7.68,Stable,1103325,23526,Public Sector,Salaried,Rented,Parent,54,0,,Low
STU_000338,Male,24,Rural,India,Arts,721,687,13.32,57.98,8.02,Improving,1656000,26448,MNC,Salaried,Rented,Parent,53,1,11.36,Mid
STU_000339,Male,23,Urban,India,Management,705,746,31.89,37.74,6.23,Improving,4274559,213737,MNC,Salaried,Owned,Parent,39,1,10.39,High
STU_000340,Male,24,Urban,India,STEM,709,706,15.58,63.31,8.69,Improving,4176001,2997,SME,Salaried,Rented,Parent,49,0,,High
STU_000341,Male,25,Urban,India,Arts,580,790,60.29,52.67,8.58,Stable,1779115,42153,Public Sector,Salaried,Owned,Parent,51,1,12.54,Mid
STU_000342,Male,22,Urban,UK,STEM,758,649,56.23,54.36,6.34,Stable,824798,19750,SME,Salaried,Owned,Parent,66,1,11.88,Low
STU_000343,Male,21,Rural,India,Data Science,767,752,32.88,70.39,7.53,Stable,793389,37738,MNC,Salaried,Rented,Parent,57,1,12.2,Low
STU_000344,Male,24,Urban,India,STEM,662,686,54.57,76.72,9.72,Declining,533417,11795,Public Sector,Professional,Rented,Spouse,63,1,12.81,Low
STU_000345,Female,20,Urban,UK,Medical,676,695,36.94,37.19,7.71,Improving,1315820,21025,Private,Salaried,Parental,Sibling,56,0,,Low
STU_000346,Female,25,Urban,UK,Medical,565,706,59.64,32.31,8.01,Improving,1725191,43297,Govt,Self-Employed,Owned,Parent,46,0,,Mid
STU_000347,Male,18,Urban,India,Management,718,717,40.61,94.63,9.48,Declining,825132,423905,Govt,Salaried,Mortgaged,Parent,52,1,12.75,Low
STU_000348,Male,27,Urban,USA,Data Science,722,691,37.97,45.13,8.78,Stable,971110,47459,MNC,Salaried,Owned,None,53,1,12.1,Low
STU_000349,Female,25,Urban,India,Medical,675,715,70.89,33.5,8.3,Improving,1318737,9841,Public Sector,Professional,Owned,Parent,44,1,12.62,Low
STU_000350,Male,24,Rural,UK,STEM,764,810,27.81,42.34,9.07,Improving,1562307,14726,MNC,Salaried,Owned,Spouse,49,1,10.76,Mid
STU_000351,Female,27,Rural,USA,STEM,654,768,19.59,32.53,9.31,Declining,1928827,14317,Private,Salaried,Rented,Parent,50,1,11.18,Mid
STU_000352,Female,29,Rural,Germany,STEM,722,760,48.83,55.47,7.84,Declining,1948754,4000,Private,Self-Employed,Owned,Spouse,64,0,,Mid
STU_000353,Male,27,Urban,India,Data Science,603,668,73.07,82.16,7.91,Improving,1973353,16097,Proprietorship,Salaried,Rented,Parent,36,1,13.15,Mid
STU_000354,Male,18,Urban,India,Arts,678,637,35.8,52.18,7.59,Stable,2993719,44187,Govt,Self-Employed,Mortgaged,None,61,0,,High
STU_000355,Female,19,Semi-Urban,India,Medical,666,766,15.91,58.87,9.68,Improving,717140,6564,Public Sector,Salaried,Rented,Spouse,44,1,12.12,Low
STU_000356,Male,21,Rural,India,Data Science,696,761,33.38,73.91,8.71,Stable,1686820,59638,Private,Salaried,Rented,Sibling,41,0,,Mid
STU_000357,Female,24,Urban,India,Data Science,652,803,43.87,63.08,6.5,Improving,1666456,35009,Proprietorship,Salaried,Mortgaged,Spouse,60,1,11.43,Mid
STU_000358,Female,25,Urban,Canada,STEM,670,657,22.2,85.99,9.31,Declining,1588076,10965,SME,Salaried,Mortgaged,Spouse,57,1,11.28,Mid
STU_000359,Female,21,Urban,India,Arts,741,683,53.46,86.29,7.93,Stable,3518166,19255,MNC,Professional,Rented,Parent,61,1,11.4,High
STU_000360,Male,24,Urban,India,Management,647,585,74.86,30.64,6.45,Improving,976624,100549,Public Sector,Self-Employed,Owned,Sibling,58,0,,Low
STU_000361,Female,21,Urban,UK,Management,559,672,40.46,80.57,8.18,Stable,1932850,44217,Public Sector,Salaried,Parental,None,67,1,12.48,Mid
STU_000362,Male,21,Rural,India,Data Science,811,769,34.35,59.95,7.7,Stable,532109,22211,Public Sector,Salaried,Rented,Parent,56,1,12.11,Low
STU_000363,Male,19,Rural,UK,Medical,783,667,37.24,94.27,9.36,Stable,1821933,17574,MNC,Self-Employed,Owned,Guardian,50,1,11.58,Mid
STU_000364,Female,20,Rural,India,Data Science,583,744,19.25,61.41,6.93,Improving,1262948,23689,MNC,Salaried,Owned,Spouse,54,1,13.42,Low
STU_000365,Male,19,Semi-Urban,India,Data Science,731,686,67.65,94.15,9.18,Declining,1259486,13545,Private,Salaried,Mortgaged,Parent,61,0,,Low
STU_000366,Other,20,Semi-Urban,India,Management,642,722,38.13,79.05,8.21,Declining,1943036,2982,Public Sector,Salaried,Owned,Parent,46,1,12.71,Mid
STU_000367,Female,27,Rural,India,Data Science,699,619,36.4,46.16,6.4,Stable,1864516,153287,MNC,Salaried,Parental,Parent,47,0,,Mid
STU_000368,Male,20,Semi-Urban,Canada,Medical,702,705,53.56,65,9.7,Declining,1427810,25528,Public Sector,Self-Employed,Owned,Parent,49,1,12.95,Low
STU_000369,Male,33,Urban,India,STEM,662,490,39.85,94.49,8.05,Improving,1666328,32152,SME,Professional,Mortgaged,Parent,36,0,,Mid
STU_000370,Male,25,Urban,India,STEM,621,686,52.84,85.74,7.25,Stable,1751604,20847,Proprietorship,Salaried,Owned,Parent,53,1,12.79,Mid
STU_000371,Male,24,Urban,India,Arts,628,585,15.87,36.33,7.89,Stable,514079,10955,Private,Salaried,Rented,Parent,37,0,,Low
STU_000372,Male,20,Rural,India,Management,611,784,63.26,75.91,9.29,Stable,1503478,18460,Public Sector,Salaried,Parental,Parent,52,0,,Mid
STU_000373,Female,26,Semi-Urban,Canada,STEM,617,754,71.25,52.46,7.3,Declining,1620063,4820,Govt,Salaried,Rented,None,58,0,,Mid
STU_000374,Male,21,Urban,India,STEM,674,732,52.87,30.45,6.89,Improving,1550403,191612,MNC,Salaried,Rented,Parent,48,1,11.22,Mid
STU_000375,Male,24,Semi-Urban,USA,Data Science,626,806,72.14,56.23,6.66,Improving,760211,6817,MNC,Self-Employed,Owned,Parent,64,1,14.12,Low
STU_000376,Female,32,Urban,Australia,STEM,731,633,21.54,45.26,7.27,Stable,677043,8263,Public Sector,Salaried,Owned,Parent,41,1,11.77,Low
STU_000377,Male,23,Semi-Urban,India,Management,791,822,42.08,83.23,9.01,Improving,1514260,14497,MNC,Salaried,Owned,Parent,60,1,11.24,Mid
STU_000378,Female,28,Urban,Germany,Medical,636,765,49.91,51.93,7.9,Stable,4273260,74882,Public Sector,Salaried,Mortgaged,Sibling,57,1,11.82,High
STU_000379,Male,21,Urban,India,Medical,697,683,48.65,83.79,7.02,Stable,1504111,22332,Proprietorship,Salaried,Owned,Parent,39,1,11.78,Mid
STU_000380,Male,23,Urban,India,Data Science,717,779,37.29,30.04,6.8,Improving,1236082,6806,Private,Salaried,Owned,Sibling,72,1,11.91,Low
STU_000381,Female,30,Urban,India,Medical,715,622,33.3,50.01,7.4,Stable,1576073,72520,Public Sector,Self-Employed,Rented,Parent,51,1,11.07,Mid
STU_000382,Female,21,Urban,UK,Management,685,642,19.99,45.68,9.58,Improving,4280574,44110,Govt,Salaried,Rented,Parent,45,1,10.25,High
STU_000383,Female,30,Urban,Australia,Arts,735,657,36.68,45.18,7.43,Stable,1392795,36736,MNC,Self-Employed,Mortgaged,Parent,41,1,12.08,Low
STU_000384,Female,26,Semi-Urban,India,Management,716,662,22.25,34.43,9.76,Improving,3634752,43475,MNC,Salaried,Owned,Parent,50,1,10.46,High
STU_000385,Female,22,Rural,USA,Arts,587,626,58.27,42.16,7.95,Stable,3680585,214195,Private,Salaried,Owned,Parent,51,1,12.47,High
STU_000386,Male,26,Urban,India,STEM,745,785,25.16,66.11,6.84,Improving,505339,175578,Private,Salaried,Parental,Parent,52,1,12.1,Low
STU_000387,Male,27,Rural,India,Data Science,746,681,15.69,48.94,9.41,Stable,4462178,11471,MNC,Salaried,Owned,Parent,49,1,10.8,High
STU_000388,Female,26,Rural,India,Medical,622,724,46.8,57.13,7.86,Stable,1377832,103021,Public Sector,Salaried,Mortgaged,Parent,56,0,,Low
STU_000389,Female,18,Urban,Australia,Management,682,660,49.5,54.5,8.75,Declining,4237765,31698,Private,Salaried,Parental,None,49,1,10.94,High
STU_000390,Other,21,Urban,USA,Data Science,731,572,66.93,86.93,9.74,Stable,1829622,35388,SME,Self-Employed,Mortgaged,Parent,37,0,,Mid
STU_000391,Male,23,Urban,India,Data Science,664,718,48.35,88.84,6.38,Improving,1672393,4413,Private,Self-Employed,Owned,Parent,50,1,11.83,Mid
STU_000392,Male,23,Urban,India,Data Science,760,566,33.77,62.04,6.55,Declining,1946824,18734,Public Sector,Salaried,Mortgaged,Parent,34,1,10.52,Mid
STU_000393,Female,26,Rural,India,Management,857,695,62.59,51.46,8.79,Stable,2728792,10176,MNC,Salaried,Mortgaged,Spouse,54,1,11.07,High
STU_000394,Male,24,Urban,India,Data Science,621,604,46.04,36.94,7.21,Stable,1062711,48371,Public Sector,Salaried,Rented,Parent,44,1,13.06,Low
STU_000395,Female,19,Rural,India,Data Science,576,839,16.99,91.97,6.86,Improving,1549865,60932,MNC,Salaried,Owned,Guardian,53,1,12.74,Mid
STU_000396,Female,25,Rural,Canada,STEM,702,763,47.65,33.91,6.34,Declining,1421955,3069,Govt,Salaried,Owned,None,61,1,12.76,Low
STU_000397,Male,26,Urban,India,Data Science,734,707,69.21,49.35,6.28,Declining,640770,21570,Private,Professional,Owned,Parent,44,1,12.78,Low
STU_000398,Female,25,Rural,India,Data Science,662,788,36.97,49.37,8.99,Stable,724896,63944,Public Sector,Salaried,Rented,Parent,59,0,,Low
STU_000399,Female,27,Urban,India,STEM,788,640,30.67,50.83,6.68,Improving,1779067,18446,SME,Salaried,Rented,Parent,48,1,10.32,Mid
STU_000400,Male,26,Semi-Urban,Canada,Management,579,738,21.04,40.68,7.88,Stable,1264093,44029,Private,Salaried,Owned,Spouse,65,1,12.91,Low
STU_000401,Female,25,Urban,UK,STEM,731,713,21.54,80.91,8.38,Declining,1119351,30748,Public Sector,Salaried,Rented,Parent,49,1,12.2,Low
STU_000402,Male,23,Semi-Urban,India,Management,634,718,39.26,37.96,7.74,Declining,732133,30472,SME,Self-Employed,Owned,Parent,45,1,13.24,Low
STU_000403,Female,18,Rural,USA,Medical,808,789,49.53,71.27,6.3,Stable,500943,17021,Proprietorship,Salaried,Rented,Parent,57,0,,Low
STU_000404,Male,25,Urban,India,Medical,829,751,17.08,38.05,9.02,Stable,1878575,6934,SME,Salaried,Parental,Spouse,48,1,9.9,Mid
STU_000405,Female,24,Rural,India,Management,622,720,71.19,34.58,6.24,Stable,4463018,7589,MNC,Self-Employed,Owned,Parent,45,1,12.64,High
STU_000406,Male,24,Semi-Urban,India,Medical,638,584,59.57,89.11,8.94,Stable,1309913,43212,Private,Salaried,Owned,Parent,48,1,14.26,Low
STU_000407,Male,19,Rural,India,Management,744,632,48.96,42.36,9.42,Improving,3150516,22437,SME,Self-Employed,Owned,Spouse,51,1,11.39,High
STU_000408,Female,20,Semi-Urban,India,Data Science,650,691,64.19,83.38,7.76,Stable,1951883,19310,MNC,Salaried,Rented,Parent,62,0,,Mid
STU_000409,Male,27,Semi-Urban,Germany,Arts,676,706,17.05,65.4,8.13,Stable,1704923,14725,Public Sector,Salaried,Mortgaged,Sibling,37,1,11.23,Mid
STU_000410,Male,23,Urban,Canada,Management,681,620,42.04,35.06,7.92,Stable,1762467,16482,Proprietorship,Self-Employed,Parental,Parent,52,0,,Mid
STU_000411,Other,26,Urban,USA,Arts,536,868,51.7,92.1,7.6,Declining,3192824,59549,MNC,Salaried,Owned,Sibling,56,1,12.34,High
STU_000412,Other,24,Rural,India,STEM,678,806,64.21,46.05,9.39,Improving,947623,16018,SME,Salaried,Parental,Spouse,53,0,,Low
STU_000413,Female,24,Urban,India,Medical,628,742,61.36,85.88,9.42,Stable,1887595,6160,Private,Salaried,Owned,Parent,61,1,12.96,Mid
STU_000414,Female,27,Semi-Urban,USA,Management,643,705,29.46,40.97,7.41,Stable,1763384,44643,Private,Salaried,Rented,Spouse,51,1,12.08,Mid
STU_000415,Male,22,Semi-Urban,India,STEM,788,685,71.28,85.51,8.41,Declining,1658358,18130,MNC,Salaried,Owned,Parent,50,1,11.85,Mid
STU_000416,Male,24,Urban,India,Data Science,585,633,19.83,30.86,9.54,Improving,2645395,22693,SME,Professional,Parental,None,56,1,10.97,High
STU_000417,Male,22,Urban,India,Data Science,740,705,67.13,63.27,9.66,Stable,537747,101437,Public Sector,Professional,Rented,Parent,52,1,12.9,Low
STU_000418,Female,22,Semi-Urban,UK,Management,659,718,73.17,80.01,8.03,Stable,1791597,21600,Private,Salaried,Rented,Spouse,49,0,,Mid
STU_000419,Female,22,Urban,India,Management,659,613,23.16,90.76,7.83,Stable,1614980,28990,SME,Salaried,Mortgaged,Parent,55,1,11.35,Mid
STU_000420,Female,24,Semi-Urban,India,Medical,739,723,57.49,89.1,7.2,Stable,648133,7186,SME,Salaried,Owned,None,47,1,13.32,Low
STU_000421,Female,22,Urban,UK,Medical,705,689,14.54,83.28,9.65,Improving,1153829,17877,Govt,Salaried,Owned,Parent,47,1,12.09,Low
STU_000422,Male,28,Rural,India,Management,722,566,37.54,87.73,6.71,Declining,1840604,39302,Private,Salaried,Parental,None,48,1,12.2,Mid
STU_000423,Male,20,Urban,India,Medical,752,639,44.53,42.95,8.29,Stable,3880387,5026,Public Sector,Salaried,Owned,Guardian,62,1,10.01,High
STU_000424,Male,23,Rural,India,Data Science,655,671,48.58,48.47,7.22,Improving,1751788,26656,Govt,Professional,Owned,Parent,28,1,11.95,Mid
STU_000425,Male,22,Urban,India,Arts,634,832,70.96,48.78,7.2,Stable,4235136,24239,Private,Salaried,Rented,Sibling,54,1,12.2,High
STU_000426,Male,29,Rural,UK,Medical,598,738,54.35,54.51,7.66,Improving,1968171,22907,Public Sector,Salaried,Rented,None,52,0,,Mid
STU_000427,Female,24,Urban,India,Arts,618,606,42.32,55.57,9.8,Improving,1307370,59000,MNC,Salaried,Owned,Parent,39,1,13.21,Low
STU_000428,Male,27,Rural,India,Medical,900,734,63.01,65.4,6.4,Stable,1135593,30264,Proprietorship,Self-Employed,Owned,Parent,54,0,,Low
STU_000429,Male,18,Semi-Urban,Canada,STEM,773,591,71.88,40.39,8.28,Stable,803720,89694,Public Sector,Self-Employed,Owned,Parent,55,1,12.32,Low
STU_000430,Male,24,Urban,Canada,Management,578,775,13.39,74.93,6.5,Improving,1482944,8570,SME,Salaried,Rented,Parent,56,1,12.87,Low
STU_000431,Female,27,Urban,Canada,STEM,580,667,73.9,40.89,6.76,Stable,774136,25062,Private,Salaried,Parental,Parent,32,1,13.67,Low
STU_000432,Female,24,Urban,India,Arts,716,693,17.43,50.17,7.78,Stable,1601328,23866,MNC,Self-Employed,Parental,Parent,62,1,10.75,Mid
STU_000433,Male,27,Rural,India,STEM,721,792,63.31,62.72,8.04,Stable,1721077,7976,Private,Salaried,Rented,Parent,46,0,,Mid
STU_000434,Male,22,Rural,Australia,Medical,721,609,29.66,81.77,7.13,Declining,556840,54637,MNC,Professional,Owned,Parent,57,0,,Low
STU_000435,Female,28,Rural,UK,STEM,660,602,20.33,78.07,7.34,Stable,1478494,200473,Public Sector,Salaried,Parental,Parent,57,1,12.74,Low
STU_000436,Male,32,Urban,India,Management,670,659,39.71,71.96,6.51,Improving,1088433,21673,Private,Salaried,Rented,Guardian,45,1,12.46,Low
STU_000437,Female,22,Urban,India,Data Science,704,772,52.57,40.13,7.29,Stable,1778476,35588,Public Sector,Salaried,Owned,Spouse,56,1,11.33,Mid
STU_000438,Female,22,Rural,India,STEM,686,593,36,65.56,9.68,Improving,1155796,23867,SME,Self-Employed,Parental,Parent,49,0,,Low
STU_000439,Male,29,Urban,Canada,Medical,513,501,15.44,35.68,9.6,Improving,997023,11182,Proprietorship,Salaried,Mortgaged,Spouse,36,0,,Low
STU_000440,Male,29,Semi-Urban,India,STEM,662,668,49.77,54.53,7.41,Declining,2080158,3906,SME,Professional,Mortgaged,Spouse,60,1,11.25,High
STU_000441,Other,22,Urban,India,STEM,616,738,68.85,56.88,8.26,Stable,3530778,11265,MNC,Salaried,Mortgaged,None,46,0,,High
STU_000442,Male,22,Rural,India,Management,693,784,36.14,32.59,9.47,Improving,1216173,5870,MNC,Salaried,Owned,Parent,45,1,12.51,Low
STU_000443,Male,23,Urban,USA,STEM,900,667,25.63,47.81,6.22,Improving,1708374,111179,Private,Salaried,Owned,Parent,48,1,10.19,Mid
STU_000444,Female,19,Urban,UK,Management,707,671,39.88,92.12,9.12,Stable,1257295,19744,Govt,Salaried,Mortgaged,Guardian,54,0,,Low
STU_000445,Female,20,Rural,India,Data Science,656,780,15.05,91.99,9.61,Stable,2567503,15857,Proprietorship,Salaried,Owned,Guardian,51,1,11.3,High
STU_000446,Other,20,Rural,UK,Data Science,749,569,63.69,52.9,6.53,Stable,1610638,51261,Proprietorship,Salaried,Rented,Spouse,56,0,,Mid
STU_000447,Female,21,Semi-Urban,Australia,Data Science,716,672,64.06,32.8,6.78,Stable,661416,7588,Public Sector,Self-Employed,Mortgaged,Sibling,41,1,12.77,Low
STU_000448,Male,23,Urban,India,STEM,711,713,49.04,41.64,9.66,Declining,1685997,10630,Public Sector,Salaried,Mortgaged,Parent,46,0,,Mid
STU_000449,Male,24,Urban,India,STEM,725,731,34.25,55.49,8.14,Stable,1347012,23497,Private,Professional,Rented,Parent,51,1,12.15,Low
STU_000450,Female,29,Rural,India,Management,834,664,62.39,91.61,6.25,Stable,1327912,58532,MNC,Salaried,Mortgaged,Parent,66,0,,Low
STU_000451,Female,20,Rural,UK,Data Science,595,702,46.95,39.18,7.13,Improving,882824,35475,MNC,Self-Employed,Mortgaged,Parent,51,0,,Low
STU_000452,Male,27,Urban,India,Medical,715,525,64.03,79.63,7.82,Stable,1794559,27886,Govt,Salaried,Rented,Sibling,60,1,12.04,Mid
STU_000453,Female,23,Urban,USA,STEM,610,653,51.78,37.06,8.69,Stable,1220816,23723,Public Sector,Salaried,Owned,Parent,52,1,13.18,Low
STU_000454,Male,23,Urban,UK,Medical,721,731,61.42,93.78,8.84,Stable,741206,32216,Public Sector,Salaried,Owned,Parent,48,1,13.15,Low
STU_000455,Male,26,Semi-Urban,India,Management,611,631,49.71,54.81,9.78,Declining,668141,26677,MNC,Salaried,Owned,Guardian,50,1,13.65,Low
STU_000456,Male,20,Urban,Canada,STEM,648,704,38.09,80.39,7.24,Declining,1472095,8279,Govt,Professional,Owned,Parent,50,0,,Low
STU_000457,Male,25,Urban,India,Management,657,731,72.35,52.27,8.14,Declining,3543893,23012,Private,Salaried,Owned,None,56,1,11.37,High
STU_000458,Male,24,Urban,India,Data Science,753,676,46.09,70.8,8.12,Stable,1481415,7942,SME,Salaried,Owned,None,62,1,11.87,Low
STU_000459,Male,25,Urban,USA,Medical,748,711,50.12,42.48,7.66,Improving,837755,23790,Proprietorship,Professional,Rented,Parent,54,1,12.31,Low
STU_000460,Male,25,Urban,UK,Management,586,632,25.89,39.49,6.81,Stable,1851515,13952,Public Sector,Salaried,Parental,Parent,60,1,11.69,Mid
STU_000461,Female,32,Rural,India,STEM,684,685,51.42,90.97,9.72,Stable,2556509,245834,Private,Self-Employed,Owned,Parent,44,1,12.02,High
STU_000462,Female,21,Urban,Canada,Management,626,742,48.01,89.65,9.27,Stable,2653000,21207,MNC,Salaried,Mortgaged,Parent,48,1,12.24,High
STU_000463,Female,22,Semi-Urban,Canada,Medical,585,710,23.64,87.69,7.99,Improving,1755951,5802,MNC,Self-Employed,Mortgaged,Parent,46,1,12.53,Mid
STU_000464,Other,21,Urban,India,Data Science,663,658,15.75,70.65,8.37,Stable,819618,19390,Proprietorship,Salaried,Owned,Parent,54,1,11.96,Low
STU_000465,Male,22,Rural,Australia,Management,656,715,50.07,82.54,7.02,Stable,1583810,36076,SME,Salaried,Parental,None,49,1,12.39,Mid
STU_000466,Male,21,Semi-Urban,India,Data Science,862,750,60.11,34.49,8.16,Stable,1631440,107979,Public Sector,Salaried,Rented,Parent,57,1,11.02,Mid
STU_000467,Female,28,Rural,India,Management,712,556,44.97,51.76,8.7,Stable,535748,12581,Public Sector,Professional,Owned,Spouse,45,0,,Low
STU_000468,Male,28,Rural,India,Management,576,781,26.29,50.39,8.05,Improving,3761059,4898,Private,Salaried,Mortgaged,Parent,52,1,11.93,High
STU_000469,Other,22,Urban,Canada,Data Science,637,676,53.99,71.32,9.77,Stable,992116,47858,MNC,Salaried,Owned,Spouse,57,1,13.64,Low
STU_000470,Male,21,Urban,USA,Medical,756,729,17.05,53.14,8.4,Improving,2235607,5933,Public Sector,Salaried,Mortgaged,Guardian,36,1,9.58,High
STU_000471,Other,25,Rural,India,Management,836,783,39.84,39.65,7.54,Stable,2429234,14554,MNC,Professional,Owned,Parent,67,1,10.47,High
STU_000472,Male,22,Semi-Urban,India,Medical,561,603,22.29,68.77,8.98,Improving,1551267,17244,Public Sector,Self-Employed,Mortgaged,Parent,49,1,12.27,Mid
STU_000473,Female,26,Rural,USA,Medical,539,650,23.62,82.93,6.81,Improving,3531482,20616,SME,Professional,Rented,Spouse,36,1,12.27,High
STU_000474,Male,24,Rural,India,Data Science,820,679,24.74,54.84,7.58,Stable,1547105,42391,Public Sector,Salaried,Rented,Spouse,53,1,10.85,Mid
STU_000475,Other,18,Rural,Canada,Medical,709,645,36.36,38.6,7.45,Stable,1254282,11505,MNC,Salaried,Owned,Spouse,52,0,,Low
STU_000476,Male,29,Urban,UK,Data Science,614,821,15.22,42.78,7.75,Improving,1510255,16982,Private,Salaried,Rented,Parent,51,1,11.52,Mid
STU_000477,Female,30,Urban,India,Data Science,720,640,37.06,45.44,9.01,Improving,749375,21729,Proprietorship,Self-Employed,Mortgaged,Parent,59,0,,Low
STU_000478,Other,21,Rural,Australia,Medical,482,661,44.24,49.49,7.94,Stable,1390666,25390,Public Sector,Salaried,Rented,None,57,0,,Low
STU_000479,Male,22,Semi-Urban,India,Arts,680,714,42.45,71.78,9.06,Stable,1859265,24171,MNC,Salaried,Rented,Guardian,54,0,,Mid
STU_000480,Female,25,Urban,Australia,Medical,704,615,36.12,69.06,8.28,Declining,572968,33329,Public Sector,Self-Employed,Rented,Parent,55,1,12.35,Low
STU_000481,Female,25,Rural,USA,Arts,749,672,64.87,75.25,7.43,Improving,1321126,49101,SME,Salaried,Parental,Sibling,51,1,13.6,Low
STU_000482,Male,26,Urban,USA,Management,603,722,21.16,53.56,9.12,Stable,1746517,31984,Private,Salaried,Rented,Parent,65,1,11.77,Mid
STU_000483,Female,31,Rural,India,STEM,686,676,43.86,83.56,7.06,Stable,4116957,33891,SME,Salaried,Mortgaged,Parent,40,0,,High
STU_000484,Female,23,Urban,Canada,STEM,610,693,15.91,43.27,7.01,Stable,1100739,4899,Govt,Salaried,Mortgaged,Parent,53,0,,Low
STU_000485,Female,21,Urban,India,Medical,699,662,16.48,60.49,8.02,Improving,1181833,23102,SME,Self-Employed,Rented,Parent,52,0,,Low
STU_000486,Male,19,Semi-Urban,India,STEM,612,593,48.15,82.06,7.14,Stable,1493501,34736,Private,Salaried,Owned,Parent,58,1,13.95,Low
STU_000487,Male,21,Urban,India,Data Science,649,722,47.66,41.71,6.23,Declining,1616167,44024,Private,Salaried,Rented,Parent,45,0,,Mid
STU_000488,Other,23,Rural,India,Management,605,822,67.32,37.14,8.53,Stable,1123945,11410,MNC,Salaried,Mortgaged,Parent,38,0,,Low
STU_000489,Female,30,Semi-Urban,India,Management,728,701,47.15,87.44,8.04,Stable,1730160,11777,Govt,Salaried,Owned,Sibling,53,1,12.09,Mid
STU_000490,Male,22,Semi-Urban,USA,Data Science,744,715,72.47,52.29,7.8,Improving,539451,12766,Public Sector,Self-Employed,Rented,Spouse,54,1,13.18,Low
STU_000491,Female,24,Urban,Canada,STEM,662,748,15.07,74.45,9.68,Declining,514470,36665,MNC,Salaried,Mortgaged,Spouse,63,1,11.99,Low
STU_000492,Male,23,Urban,India,Arts,682,611,18.17,31.65,8.26,Improving,2298071,58817,SME,Salaried,Owned,Guardian,42,1,10.04,High
STU_000493,Male,28,Urban,UK,Data Science,571,819,14.78,74.85,9.31,Stable,1149091,14956,Public Sector,Salaried,Rented,Parent,60,1,12.89,Low
STU_000494,Male,32,Semi-Urban,India,Arts,657,714,23.67,50.55,6.7,Improving,1783581,52185,Private,Salaried,Owned,Parent,69,1,11.18,Mid
STU_000495,Male,22,Semi-Urban,Canada,Data Science,676,814,46.1,33.62,8.25,Improving,1053429,24767,Private,Salaried,Owned,Sibling,49,1,12.43,Low
STU_000496,Female,22,Rural,UK,Medical,876,648,52.67,69.64,9.32,Stable,1515928,19573,Private,Professional,Mortgaged,Parent,42,1,11.59,Mid
STU_000497,Male,27,Semi-Urban,India,Management,596,827,14.87,45.65,8.3,Stable,1734651,18019,Proprietorship,Self-Employed,Owned,Parent,48,1,11.85,Mid
STU_000498,Other,26,Rural,USA,Data Science,789,754,71.6,55.14,8.78,Stable,1424622,44769,Public Sector,Self-Employed,Owned,Parent,52,1,12.79,Low
STU_000499,Other,30,Rural,India,STEM,754,738,65.06,35.24,7.54,Stable,897591,30010,Private,Salaried,Mortgaged,Guardian,56,1,12.42,Low
